{
    "rmlbP":  {
                  "x":  -102.4000015258789,
                  "y":  0.0,
                  "z":  -102.4000015258789
              },
    "rmlbR":  {
                  "x":  0.0,
                  "y":  0.0,
                  "z":  0.0
              },
    "rmlbS":  {
                  "x":  1.0,
                  "y":  1.0,
                  "z":  1.0
              },
    "rmrtP":  {
                  "x":  102.4000015258789,
                  "y":  0.0,
                  "z":  102.4000015258789
              },
    "rmrtR":  {
                  "x":  0.0,
                  "y":  0.0,
                  "z":  0.0
              },
    "rmrtS":  {
                  "x":  1.0,
                  "y":  1.0,
                  "z":  1.0
              },
    "sc":  1024
}
