{
    "rmlbP":  {
                  "x":  -57.400001525878909,
                  "y":  0.0,
                  "z":  -60.0
              },
    "rmlbR":  {
                  "x":  0.0,
                  "y":  0.0,
                  "z":  0.0
              },
    "rmlbS":  {
                  "x":  1.0,
                  "y":  1.0,
                  "z":  1.0
              },
    "rmrtP":  {
                  "x":  62.599998474121097,
                  "y":  0.0,
                  "z":  60.0
              },
    "rmrtR":  {
                  "x":  0.0,
                  "y":  0.0,
                  "z":  0.0
              },
    "rmrtS":  {
                  "x":  1.0,
                  "y":  1.0,
                  "z":  1.0
              },
    "sc":  1024
}
